{
  "image_id": "98ba4cba",
  "model": "Model_III",
  "substructure_type": "cdm",
  "timestamp": "2026-03-22 16:52:32.643741",
  "z_lens": 0.6237638878886353,
  "z_source": 1.8155728709829773,
  "theta_E": 1.3249033330997506,
  "e1_lens": -0.10279980973221857,
  "e2_lens": 0.07301059162965318,
  "gamma_ext": 0.06636715984755183,
  "source_x": 0.12889691815528714,
  "source_y": 0.0921226131461271,
  "image_shape": [
    64,
    64
  ],
  "pixel_scale": 0.05,
  "snr_estimate": 420.0380910153362,
  "einstein_ring_radius_px": 26.49806666199501,
  "peak_flux": 5341.1845703125,
  "mean_flux": 1193.7410888671875,
  "num_subhalos": 20,
  "num_vortices": null,
  "axion_mass_log10_eV": null,
  "random_seed": null,
  "simulation_time_sec": 0.3086949270000332,
  "lenstronomy_version": "1.13.5"
}