{
  "image_id": "c38ac332",
  "model": "Model_III",
  "substructure_type": "cdm",
  "timestamp": "2026-03-22 19:54:01.887966",
  "z_lens": 0.4,
  "z_source": 1.8,
  "theta_E": 1.2,
  "e1_lens": -0.10268932834173868,
  "e2_lens": -0.16556624145224552,
  "gamma_ext": 0.0008677316002023084,
  "source_x": -0.07023543680954106,
  "source_y": 0.04267626298050175,
  "image_shape": [
    64,
    64
  ],
  "pixel_scale": 0.05,
  "snr_estimate": 158.32539281702466,
  "einstein_ring_radius_px": 23.999999999999996,
  "peak_flux": 5351.37158203125,
  "mean_flux": 1260.775146484375,
  "num_subhalos": 20,
  "num_vortices": null,
  "axion_mass_log10_eV": null,
  "random_seed": null,
  "simulation_time_sec": 0.01958024900000055,
  "lenstronomy_version": "1.13.5"
}